{
  "hash": "a1416608",
  "configHash": "0651bf69",
  "lockfileHash": "26d1eb28",
  "browserHash": "f7de3660",
  "optimized": {
    "@angular/common/http": {
      "src": "../../../../../node_modules/@angular/common/fesm2022/http.mjs",
      "file": "@angular_common_http.js",
      "fileHash": "5fd84e07",
      "needsInterop": false
    },
    "@angular/core": {
      "src": "../../../../../node_modules/@angular/core/fesm2022/core.mjs",
      "file": "@angular_core.js",
      "fileHash": "cd8255f8",
      "needsInterop": false
    },
    "@angular/forms": {
      "src": "../../../../../node_modules/@angular/forms/fesm2022/forms.mjs",
      "file": "@angular_forms.js",
      "fileHash": "7463c947",
      "needsInterop": false
    },
    "@angular/platform-browser": {
      "src": "../../../../../node_modules/@angular/platform-browser/fesm2022/platform-browser.mjs",
      "file": "@angular_platform-browser.js",
      "fileHash": "a1fbe251",
      "needsInterop": false
    },
    "@angular/platform-browser/animations": {
      "src": "../../../../../node_modules/@angular/platform-browser/fesm2022/animations.mjs",
      "file": "@angular_platform-browser_animations.js",
      "fileHash": "bf8bc3c3",
      "needsInterop": false
    },
    "@angular/router": {
      "src": "../../../../../node_modules/@angular/router/fesm2022/router.mjs",
      "file": "@angular_router.js",
      "fileHash": "6440da35",
      "needsInterop": false
    },
    "aos": {
      "src": "../../../../../node_modules/aos/dist/aos.js",
      "file": "aos.js",
      "fileHash": "42335576",
      "needsInterop": true
    },
    "rxjs/operators": {
      "src": "../../../../../node_modules/rxjs/dist/esm5/operators/index.js",
      "file": "rxjs_operators.js",
      "fileHash": "00531d9e",
      "needsInterop": false
    },
    "@angular/common": {
      "src": "../../../../../node_modules/@angular/common/fesm2022/common.mjs",
      "file": "@angular_common.js",
      "fileHash": "5da288d2",
      "needsInterop": false
    }
  },
  "chunks": {
    "chunk-ZE74VQEP": {
      "file": "chunk-ZE74VQEP.js"
    },
    "chunk-UXN6NNZE": {
      "file": "chunk-UXN6NNZE.js"
    },
    "chunk-3ZMSNIG2": {
      "file": "chunk-3ZMSNIG2.js"
    },
    "chunk-76WR4OHL": {
      "file": "chunk-76WR4OHL.js"
    },
    "chunk-LGU3RXIR": {
      "file": "chunk-LGU3RXIR.js"
    },
    "chunk-WKYGNSYM": {
      "file": "chunk-WKYGNSYM.js"
    }
  }
}