{
  "hash": "9a21c85e",
  "configHash": "07e2bd47",
  "lockfileHash": "8c6b8688",
  "browserHash": "c505be81",
  "optimized": {
    "@angular/common/http": {
      "src": "../../../../../node_modules/@angular/common/fesm2022/http.mjs",
      "file": "@angular_common_http.js",
      "fileHash": "a5280fab",
      "needsInterop": false
    },
    "@angular/core": {
      "src": "../../../../../node_modules/@angular/core/fesm2022/core.mjs",
      "file": "@angular_core.js",
      "fileHash": "df698efe",
      "needsInterop": false
    },
    "@angular/forms": {
      "src": "../../../../../node_modules/@angular/forms/fesm2022/forms.mjs",
      "file": "@angular_forms.js",
      "fileHash": "f1e7c9dc",
      "needsInterop": false
    },
    "@angular/platform-browser": {
      "src": "../../../../../node_modules/@angular/platform-browser/fesm2022/platform-browser.mjs",
      "file": "@angular_platform-browser.js",
      "fileHash": "85a0e065",
      "needsInterop": false
    },
    "@angular/platform-browser/animations": {
      "src": "../../../../../node_modules/@angular/platform-browser/fesm2022/animations.mjs",
      "file": "@angular_platform-browser_animations.js",
      "fileHash": "92aeffa5",
      "needsInterop": false
    },
    "@angular/router": {
      "src": "../../../../../node_modules/@angular/router/fesm2022/router.mjs",
      "file": "@angular_router.js",
      "fileHash": "1695e231",
      "needsInterop": false
    },
    "rxjs/operators": {
      "src": "../../../../../node_modules/rxjs/dist/esm5/operators/index.js",
      "file": "rxjs_operators.js",
      "fileHash": "004c7308",
      "needsInterop": false
    }
  },
  "chunks": {
    "chunk-YYXU2OBL": {
      "file": "chunk-YYXU2OBL.js"
    },
    "chunk-SIMLODGL": {
      "file": "chunk-SIMLODGL.js"
    },
    "chunk-L6QCUFXG": {
      "file": "chunk-L6QCUFXG.js"
    },
    "chunk-PY6CFCLU": {
      "file": "chunk-PY6CFCLU.js"
    },
    "chunk-IPLFCT6M": {
      "file": "chunk-IPLFCT6M.js"
    }
  }
}